{"result": {"width": 640, "height": 480, "faces": [{"facial_attributes": {"gender": {"male": 0.00010397806909168139, "female": 0.9998960494995117}, "age": 17.81407928466797}, "facial_points": {"jaw": [[0.41967786918709854, 0.5718214716754422], [0.4202870871907998, 0.6177234509031374], [0.4230621611384754, 0.6632488003944521], [0.42840778850620376, 0.7081797206478162], [0.43858887435574384, 0.7514542064013009], [0.4567689404709313, 0.7905622063050941], [0.48236555166746253, 0.8221253874066861], [0.5124495145011565, 0.8448560851315051], [0.547163732726599, 0.8529173969397561], [0.5840492829083223, 0.8475782272780028], [0.617847680735631, 0.8268879365076828], [0.6481498541277142, 0.7987544873862741], [0.6703480257150114, 0.7603532706513457], [0.6827150022674322, 0.7168323384533021], [0.6895229420999931, 0.670826795872866], [0.6941775215350754, 0.6242630619202676], [0.6971909106075691, 0.5772002920156865]], "right_eyebrow": [[0.4379582525900593, 0.5298942609584022], [0.4548588903143127, 0.509678635554811], [0.47776882715560304, 0.5028343482691147], [0.502036116973718, 0.5069675488530986], [0.5246260949146381, 0.5190945858014592]], "left_eyebrow": [[0.5748555856800794, 0.5192705680055648], [0.5995516565694743, 0.5084574536058729], [0.6256704357893705, 0.504905630836716], [0.6507801705432666, 0.5133522130025995], [0.6686756546591187, 0.5350946429035806]], "nose": [[0.5490535154325699, 0.5570285626227511], [0.5475960584687345, 0.5850158192582058], [0.54656653712952, 0.6128906805953193], [0.5453796851477728, 0.6406930041497162], [0.5186953098692356, 0.6673799377780294], [0.5323944311265313, 0.6726341801127698], [0.5466234690421697, 0.6773746390079093], [0.5616709768878673, 0.6736377125170596], [0.5757905566085038, 0.6691358609391197]], "right_eye": [[0.4647510660981333, 0.5640000082071916], [0.4794301143282291, 0.5544823664838607], [0.4965233548847664, 0.5542760671269131], [0.5121700594765162, 0.5662576975704269], [0.49594311475922037, 0.5711158261108115], [0.47935977937129337, 0.5714668183844954]], "left_eye": [[0.5901452946026711, 0.5674643543816652], [0.6056114304033462, 0.5560814243629086], [0.6235381417508506, 0.5567295588625711], [0.6390038431936091, 0.5676371564648435], [0.6234087961683781, 0.5741004859471407], [0.6061901968145321, 0.5731287030428424]], "lip": [[0.49577878785167284, 0.7288339390220547], [0.5133908534268949, 0.7149741550134119], [0.5319511378469997, 0.7076925778310094], [0.5467206411132428, 0.712395702623553], [0.562824647027337, 0.7084884457532704], [0.5829128164449093, 0.7163010565922074], [0.6021970203842829, 0.7307748986827695], [0.5833244171093066, 0.7468939233331487], [0.563689438126653, 0.7551953523696738], [0.5463363119208997, 0.756460264859561], [0.5301116475826666, 0.754864867997776], [0.512113499870652, 0.746470114046618], [0.5047457890293685, 0.7287634075595331], [0.530502476630977, 0.7235766354977387], [0.5464248899103359, 0.7249860650927985], [0.5642035782849507, 0.7242882793392407], [0.59275162825611, 0.7299444682755014], [0.5645624199752547, 0.7327486627128564], [0.5467820562201041, 0.734219915927118], [0.5302158159187547, 0.732569066029843]]}, "score": 0.998746395111084, "class_idx": 0, "x": 0.3828861713409424, "y": 0.4459409713745117, "w": 0.3253266334533691, "h": 0.4337689081827799, "pitch": -0.1398434042930603, "yaw": 0.11850877106189728, "roll": 0.04996316134929657}]}}