{"right_eyebrow": [0.5246260949146381, 0.5190945858014592], "left_eyebrow": [0.6686756546591187, 0.5350946429035806], "jaw": [0.6971909106075691, 0.5772002920156865], "right_eye": [0.47935977937129337, 0.5714668183844954], "left_eye": [0.6061901968145321, 0.5731287030428424], "nose": [0.5757905566085038, 0.6691358609391197], "lip": [0.5302158159187547, 0.732569066029843]}